Institution Year,Conference,Year,Year AvgAttendance,Nullify,Institution,% Attendance Change,Additive Attendance Change,Number of Records,Prior Year AvgAttendance,Prior Year CWS,Prior Year RPI,Prior Year Tournament,Prior Year WL%
Cincinnati 2015,AAC,2015,558,0,Cincinnati,-0.337292162,-284,1,842,0,0.49012,0,0.415094340
East Carolina 2015,AAC,2015,2066,0,East Carolina,-0.050114943,-109,1,2175,0,0.52851,0,0.559322034
Houston 2015,AAC,2015,1725,0,Houston,0.281575037,379,1,1346,0,0.59805,1,0.727272727
Memphis 2015,AAC,2015,794,0,Memphis,0.159124088,109,1,685,0,0.51256,0,0.508474576
South Fla. 2015,AAC,2015,749,0,South Fla.,-0.436842105,-581,1,1330,0,0.49975,0,0.465517241
Tulane 2015,AAC,2015,2059,0,Tulane,0.128219178,234,1,1825,0,0.49874,0,0.442307692
UCF 2015,AAC,2015,1347,0,UCF,-0.048728814,-69,1,1416,0,0.54715,0,0.610169492
UConn 2015,AAC,2015,196,0,UConn,-0.317073171,-91,1,287,0,0.50402,0,0.465517241
Albany (NY) 2015,America East,2015,207,0,Albany (NY),0.072538860,14,1,193,0,0.42895,0,0.266666667
Binghamton 2015,America East,2015,194,0,Binghamton,-0.084905660,-18,1,212,0,0.49497,1,0.480769231
Hartford 2015,America East,2015,236,0,Hartford,-0.223684211,-68,1,304,0,0.50773,0,0.574074074
Maine 2015,America East,2015,325,0,Maine,-0.029850746,-10,1,335,0,0.45438,0,0.42
Stony Brook 2015,America East,2015,158,0,Stony Brook,-0.394636015,-103,1,261,0,0.51323,0,0.660377358
UMass Lowell 2015,America East,2015,156,0,UMass Lowell,-0.093023256,-16,1,172,0,0.46533,0,0.476190476
UMBC 2015,America East,2015,222,0,UMBC,0.48,72,1,150,0,0.44171,0,0.369565217
FGCU 2015,ASUN,2015,318,0,FGCU,-0.398865784,-211,1,529,0,0.52752,0,0.639344262
Jacksonville 2015,ASUN,2015,217,0,Jacksonville,-0.205128205,-56,1,273,0,0.4893,0,0.388888889
Kennesaw St. 2015,ASUN,2015,521,0,Kennesaw St.,-0.003824092,-2,1,523,0,0.54524,1,0.625
Lipscomb 2015,ASUN,2015,329,0,Lipscomb,0.034591195,11,1,318,0,0.49452,0,0.540983607
NJIT 2015,ASUN,2015,176,0,NJIT,-0.228070175,-52,1,228,0,0.39979,0,0.444444444
North Florida 2015,ASUN,2015,324,0,North Florida,-0.181818182,-72,1,396,0,0.48215,0,0.415094340
Stetson 2015,ASUN,2015,648,0,Stetson,-0.006134969,-4,1,652,0,0.48408,0,0.433333333
USC Upstate 2015,ASUN,2015,113,0,USC Upstate,0.008928571,1,1,112,0,0.43604,0,0.309090909
Davidson 2015,Atlantic 10,2015,366,0,Davidson,0.407692308,106,1,260,0,0.51901,0,0.604166667
Dayton 2015,Atlantic 10,2015,159,0,Dayton,-0.220588235,-45,1,204,0,0.46659,0,0.433962264
Fordham 2015,Atlantic 10,2015,163,0,Fordham,-0.094444444,-17,1,180,0,0.45794,0,0.444444444
George Mason 2015,Atlantic 10,2015,264,0,George Mason,1.163934426,142,1,122,0,0.50998,1,0.607142857
George Washington 2015,Atlantic 10,2015,126,0,George Washington,-0.080291971,-11,1,137,0,0.43428,0,0.4
La Salle 2015,Atlantic 10,2015,72,0,La Salle,-0.672727273,-148,1,220,0,0.44556,0,0.295918367
Massachusetts 2015,Atlantic 10,2015,210,0,Massachusetts,0.272727273,45,1,165,0,0.46116,0,0.326086957
Rhode Island 2015,Atlantic 10,2015,161,0,Rhode Island,-0.012269939,-2,1,163,0,0.4296,0,0.245283019
Richmond 2015,Atlantic 10,2015,240,0,Richmond,-0.076923077,-20,1,260,0,0.48329,0,0.462264151
Saint Joseph's 2015,Atlantic 10,2015,212,0,Saint Joseph's,0.024154589,5,1,207,0,0.52192,0,0.686274510
Saint Louis 2015,Atlantic 10,2015,173,0,Saint Louis,0.042168675,7,1,166,0,0.49519,0,0.616071429
St. Bonaventure 2015,Atlantic 10,2015,159,0,St. Bonaventure,0.261904762,33,1,126,0,0.41748,0,0.285714286
VCU 2015,Atlantic 10,2015,461,0,VCU,-0.113461538,-59,1,520,0,0.52571,0,0.649122807
Boston College 2015,Atlantic Coast,2015,551,0,Boston College,0.197826087,91,1,460,0,0.49373,0,0.4
Clemson 2015,Atlantic Coast,2015,3967,0,Clemson,-0.066588235,-283,1,4250,0,0.54079,1,0.590163934
Duke 2015,Atlantic Coast,2015,358,0,Duke,-0.126829268,-52,1,410,0,0.52577,0,0.568965517
Florida St. 2015,Atlantic Coast,2015,4278,0,Florida St.,-0.147638972,-741,1,5019,0,0.59288,1,0.716666667
Georgia Tech 2015,Atlantic Coast,2015,1476,0,Georgia Tech,0.126717557,166,1,1310,0,0.55614,1,0.578125
Louisville 2015,Atlantic Coast,2015,2360,0,Louisville,0.271551724,504,1,1856,1,0.5781,1,0.746268657
Miami (FL) 2015,Atlantic Coast,2015,2665,0,Miami (FL),-0.000375094,-1,1,2666,0,0.57879,1,0.698412698
North Carolina 2015,Atlantic Coast,2015,1721,0,North Carolina,0.094783715,149,1,1572,0,0.55007,1,0.564516129
North Carolina St. 2015,Atlantic Coast,2015,1246,0,North Carolina St.,-0.048854962,-64,1,1310,0,0.53723,0,0.581818182
Notre Dame 2015,Atlantic Coast,2015,515,0,Notre Dame,0.323907455,126,1,389,0,0.48289,0,0.403846154
Pittsburgh 2015,Atlantic Coast,2015,354,0,Pittsburgh,-0.048387097,-18,1,372,0,0.49344,0,0.423076923
Virginia 2015,Atlantic Coast,2015,3645,0,Virginia,-0.028,-105,1,3750,1,0.61116,1,0.768115942
Virginia Tech 2015,Atlantic Coast,2015,963,0,Virginia Tech,0.175824176,144,1,819,0,0.4989,0,0.405660377
Wake Forest 2015,Atlantic Coast,2015,648,0,Wake Forest,0.048543689,30,1,618,0,0.5266,0,0.535714286
Baylor 2015,Big 12,2015,2344,0,Baylor,-0.106366756,-279,1,2623,0,0.52849,0,0.456140351
Kansas 2015,Big 12,2015,1188,0,Kansas,0.044854881,51,1,1137,0,0.5502,1,0.573770492
Kansas St. 2015,Big 12,2015,2631,0,Kansas St.,-0.060357143,-169,1,2800,0,0.51822,0,0.454545455
Oklahoma 2015,Big 12,2015,1023,0,Oklahoma,-0.082511211,-92,1,1115,0,0.52616,0,0.5
Oklahoma St. 2015,Big 12,2015,1422,0,Oklahoma St.,0.171334432,208,1,1214,0,0.57525,1,0.727272727
TCU 2015,Big 12,2015,3982,0,TCU,0.142939150,498,1,3484,1,0.59473,1,0.727272727
Texas 2015,Big 12,2015,4915,0,Texas,-0.086770717,-467,1,5382,1,0.60039,1,0.686567164
Texas Tech 2015,Big 12,2015,3299,0,Texas Tech,0.366045549,884,1,2415,1,0.58867,1,0.681818182
West Virginia 2015,Big 12,2015,1507,0,West Virginia,0.372495446,409,1,1098,0,0.55311,0,0.518518519
Butler 2015,Big East,2015,191,0,Butler,0.446969697,59,1,132,0,0.44434,0,0.347826087
Creighton 2015,Big East,2015,3126,0,Creighton,0.050403226,150,1,2976,0,0.53308,0,0.65
Georgetown 2015,Big East,2015,299,0,Georgetown,0.845679012,137,1,162,0,0.45741,0,0.395833333
Seton Hall 2015,Big East,2015,186,0,Seton Hall,0,0,1,186,0,0.51819,0,0.716981132
St. John's (NY) 2015,Big East,2015,221,0,St. John's (NY),-0.116,-29,1,250,0,0.5176,0,0.629629630
Villanova 2015,Big East,2015,226,0,Villanova,-0.147169811,-39,1,265,0,0.4398,0,0.32
Xavier 2015,Big East,2015,268,0,Xavier,-0.014705882,-4,1,272,0,0.52373,1,0.508474576
Campbell 2015,Big South,2015,346,0,Campbell,-0.189695550,-81,1,427,0,0.53526,1,0.661290323
Charleston So. 2015,Big South,2015,206,0,Charleston So.,0.329032258,51,1,155,0,0.46993,0,0.535714286
Gardner-Webb 2015,Big South,2015,165,0,Gardner-Webb,-0.051724138,-9,1,174,0,0.46908,0,0.425925926
High Point 2015,Big South,2015,440,0,High Point,-0.037199125,-17,1,457,0,0.53607,0,0.6
Liberty 2015,Big South,2015,1311,0,Liberty,0.098910310,118,1,1193,0,0.553,1,0.694915254
Longwood 2015,Big South,2015,217,0,Longwood,-0.068669528,-16,1,233,0,0.4609,0,0.4
Presbyterian 2015,Big South,2015,192,0,Presbyterian,0.170731707,28,1,164,0,0.45297,0,0.361111111
Radford 2015,Big South,2015,392,0,Radford,0.593495935,146,1,246,0,0.52076,0,0.589285714
UNC Asheville 2015,Big South,2015,275,0,UNC Asheville,0.279069767,60,1,215,0,0.42995,0,0.245283019
Winthrop 2015,Big South,2015,329,0,Winthrop,0.061290323,19,1,310,0,0.47574,0,0.45
Illinois 2015,Big Ten,2015,1662,0,Illinois,0.713402062,692,1,970,0,0.53924,0,0.603773585
Indiana 2015,Big Ten,2015,2207,0,Indiana,-0.197162605,-542,1,2749,0,0.59365,1,0.745762712
Iowa 2015,Big Ten,2015,894,0,Iowa,0.421303657,265,1,629,0,0.5099,0,0.549019608
Maryland 2015,Big Ten,2015,627,0,Maryland,0.468384075,200,1,427,0,0.57329,1,0.634920635
Michigan 2015,Big Ten,2015,615,0,Michigan,-0.109985528,-76,1,691,0,0.51703,0,0.508333333
Michigan St. 2015,Big Ten,2015,802,0,Michigan St.,-0.337190083,-408,1,1210,0,0.51926,0,0.543859649
Minnesota 2015,Big Ten,2015,406,0,Minnesota,-0.189620758,-95,1,501,0,0.51121,0,0.520833333
Nebraska 2015,Big Ten,2015,3904,0,Nebraska,0.300466356,902,1,3002,0,0.55797,1,0.661290323
Northwestern 2015,Big Ten,2015,273,0,Northwestern,0.100806452,25,1,248,0,0.46059,0,0.34
Ohio St. 2015,Big Ten,2015,1048,0,Ohio St.,0.142857143,131,1,917,0,0.50598,0,0.517241379
Penn St. 2015,Big Ten,2015,801,0,Penn St.,-0.257645968,-278,1,1079,0,0.45717,0,0.36
Purdue 2015,Big Ten,2015,734,0,Purdue,-0.130331754,-110,1,844,0,0.47171,0,0.26
Rutgers 2015,Big Ten,2015,183,0,Rutgers,-0.107317073,-22,1,205,0,0.52474,0,0.545454545
Cal Poly 2015,Big West,2015,1107,0,Cal Poly,-0.333132530,-553,1,1660,0,0.57976,1,0.796610169
Cal St. Fullerton 2015,Big West,2015,1998,0,Cal St. Fullerton,0.008581524,17,1,1981,0,0.54911,1,0.586206897
CSUN 2015,Big West,2015,302,0,CSUN,0.003322259,1,1,301,0,0.48236,0,0.321428571
Hawaii 2015,Big West,2015,3266,0,Hawaii,0.069767442,213,1,3053,0,0.48623,0,0.415094340
Long Beach St. 2015,Big West,2015,1360,0,Long Beach St.,0.006661732,9,1,1351,0,0.56039,1,0.566666667
UC Davis 2015,Big West,2015,304,0,UC Davis,-0.121387283,-42,1,346,0,0.48137,0,0.425925926
UC Irvine 2015,Big West,2015,757,0,UC Irvine,0.161042945,105,1,652,1,0.5681,1,0.621212121
UC Riverside 2015,Big West,2015,366,0,UC Riverside,0.028089888,10,1,356,0,0.52592,0,0.481481481
UC Santa Barbara 2015,Big West,2015,451,0,UC Santa Barbara,-0.094377510,-47,1,498,0,0.54674,0,0.663461538
Col. of Charleston 2015,Colonial,2015,476,0,Col. of Charleston,0.050772627,23,1,453,0,0.55125,1,0.698412698
Delaware 2015,Colonial,2015,180,0,Delaware,-0.076923077,-15,1,195,0,0.49273,0,0.5
Elon 2015,Colonial,2015,299,0,Elon,-0.047770701,-15,1,314,0,0.4993,0,0.509433962
Hofstra 2015,Colonial,2015,175,0,Hofstra,-0.022346369,-4,1,179,0,0.46039,0,0.441860465
James Madison 2015,Colonial,2015,461,0,James Madison,-0.152573529,-83,1,544,0,0.47253,0,0.320754717
Northeastern 2015,Colonial,2015,70,0,Northeastern,-0.363636364,-40,1,110,0,0.47828,0,0.472727273
Towson 2015,Colonial,2015,149,0,Towson,-0.337777778,-76,1,225,0,0.50222,0,0.468085106
UNCW 2015,Colonial,2015,1104,0,UNCW,-0.039164491,-45,1,1149,0,0.52088,0,0.526315789
William & Mary 2015,Colonial,2015,307,0,William & Mary,0.096428571,27,1,280,0,0.53112,0,0.607142857
Charlotte 2015,Conference USA,2015,899,0,Charlotte,0.169050715,130,1,769,0,0.48747,0,0.382352941
FIU 2015,Conference USA,2015,325,0,FIU,-0.304068522,-142,1,467,0,0.52502,0,0.629629630
Fla. Atlantic 2015,Conference USA,2015,458,0,Fla. Atlantic,0.024608501,11,1,447,0,0.52041,0,0.528301887
Louisiana Tech 2015,Conference USA,2015,543,0,Louisiana Tech,0.347394541,140,1,403,0,0.45188,0,0.3
Marshall 2015,Conference USA,2015,465,0,Marshall,1.290640394,262,1,203,0,0.45869,0,0.340425532
Middle Tenn. 2015,Conference USA,2015,587,0,Middle Tenn.,-0.298685783,-250,1,837,0,0.52434,0,0.534482759
Old Dominion 2015,Conference USA,2015,809,0,Old Dominion,0.298555377,186,1,623,0,0.55083,1,0.580645161
Rice 2015,Conference USA,2015,2903,0,Rice,0.061038012,167,1,2736,0,0.58705,1,0.677419355
Southern Miss. 2015,Conference USA,2015,2670,0,Southern Miss.,0.008308157,22,1,2648,0,0.53448,0,0.583333333
UAB 2015,Conference USA,2015,676,0,UAB,0.099186992,61,1,615,0,0.52732,0,0.625
UTSA 2015,Conference USA,2015,386,0,UTSA,0.331034483,96,1,290,0,0.51889,0,0.573770492
Western Ky. 2015,Conference USA,2015,525,0,Western Ky.,0.229508197,98,1,427,0,0.50771,0,0.508771930
Ill.-Chicago 2015,Horizon,2015,308,0,Ill.-Chicago,0.439252336,94,1,214,0,0.44128,0,0.470588235
Milwaukee 2015,Horizon,2015,170,0,Milwaukee,-0.028571429,-5,1,175,0,0.4206,0,0.391304348
Northern Ky. 2015,Horizon,2015,141,0,Northern Ky.,0.532608696,49,1,92,0,0.43653,0,0.274509804
Oakland 2015,Horizon,2015,128,0,Oakland,-0.058823529,-8,1,136,0,0.43918,0,0.266666667
Valparaiso 2015,Horizon,2015,213,0,Valparaiso,0.163934426,30,1,183,0,0.46986,0,0.470588235
Wright St. 2015,Horizon,2015,325,0,Wright St.,0.217228464,58,1,267,0,0.50814,0,0.614035088
Youngstown St. 2015,Horizon,2015,535,0,Youngstown St.,0.361323155,142,1,393,0,0.43745,1,0.309090909
NYIT 2015,Independent,2015,33,0,NYIT,-0.4,-22,1,55,0,0.36977,0,0.08
Brown 2015,Ivy League,2015,205,0,Brown,0.814159292,92,1,113,0,0.45042,0,0.351351351
Columbia 2015,Ivy League,2015,401,0,Columbia,2.341666667,281,1,120,0,0.55091,1,0.591836735
Cornell 2015,Ivy League,2015,185,0,Cornell,0.088235294,15,1,170,0,0.46976,0,0.461538462
Dartmouth 2015,Ivy League,2015,189,0,Dartmouth,-0.305147059,-83,1,272,0,0.48447,0,0.447368421
Harvard 2015,Ivy League,2015,270,0,Harvard,0.928571429,130,1,140,0,0.42794,0,0.282051282
Penn 2015,Ivy League,2015,193,0,Penn,-0.010256410,-2,1,195,0,0.50215,0,0.575
Princeton 2015,Ivy League,2015,268,0,Princeton,0.835616438,122,1,146,0,0.46269,0,0.35
Yale 2015,Ivy League,2015,198,0,Yale,-0.171548117,-41,1,239,0,0.45606,0,0.45
Canisius 2015,Metro Atlantic,2015,123,0,Canisius,-0.312849162,-56,1,179,0,0.53218,0,0.714285714
Fairfield 2015,Metro Atlantic,2015,104,0,Fairfield,0.155555556,14,1,90,0,0.49532,0,0.581818182
Iona 2015,Metro Atlantic,2015,163,0,Iona,0,0,1,163,0,0.41567,0,0.295454545
Manhattan 2015,Metro Atlantic,2015,177,0,Manhattan,0.372093023,48,1,129,0,0.42764,0,0.34
Marist 2015,Metro Atlantic,2015,182,0,Marist,0.205298013,31,1,151,0,0.43487,0,0.346938776
Monmouth 2015,Metro Atlantic,2015,128,0,Monmouth,-0.288888889,-52,1,180,0,0.47352,0,0.489795918
Niagara 2015,Metro Atlantic,2015,196,0,Niagara,0.619834711,75,1,121,0,0.43934,0,0.392156863
Quinnipiac 2015,Metro Atlantic,2015,277,0,Quinnipiac,-0.057823129,-17,1,294,0,0.45425,0,0.367346939
Rider 2015,Metro Atlantic,2015,137,0,Rider,-0.035211268,-5,1,142,0,0.4142,0,0.326530612
Saint Peter's 2015,Metro Atlantic,2015,78,0,Saint Peter's,-0.152173913,-14,1,92,0,0.40985,0,0.211538462
Siena 2015,Metro Atlantic,2015,127,0,Siena,0.040983607,5,1,122,0,0.48235,1,0.45
Ball St. 2015,Mid-American,2015,317,0,Ball St.,0.569306931,115,1,202,0,0.5363,0,0.672727273
Bowling Green 2015,Mid-American,2015,226,0,Bowling Green,-0.178181818,-49,1,275,0,0.5004,0,0.480769231
Buffalo 2015,Mid-American,2015,115,0,Buffalo,0.796875,51,1,64,0,0.48696,0,0.5
Central Mich. 2015,Mid-American,2015,280,0,Central Mich.,-0.188405797,-65,1,345,0,0.50722,0,0.596491228
Eastern Mich. 2015,Mid-American,2015,235,0,Eastern Mich.,0.556291391,84,1,151,0,0.435,0,0.32
Kent St. 2015,Mid-American,2015,181,0,Kent St.,-0.324626866,-87,1,268,0,0.50737,1,0.603448276
Miami (OH) 2015,Mid-American,2015,407,0,Miami (OH),-0.037825059,-16,1,423,0,0.51461,0,0.526315789
Northern Ill. 2015,Mid-American,2015,251,0,Northern Ill.,0.130630631,29,1,222,0,0.46306,0,0.324074074
Ohio 2015,Mid-American,2015,453,0,Ohio,0.348214286,117,1,336,0,0.39865,0,0.22
Toledo 2015,Mid-American,2015,167,0,Toledo,-0.197115385,-41,1,208,0,0.47476,0,0.407407407
Western Mich. 2015,Mid-American,2015,257,0,Western Mich.,0.304568528,60,1,197,0,0.48044,0,0.436363636
Bethune-Cookman 2015,Mid-Eastern,2015,88,0,Bethune-Cookman,-0.65625,-168,1,256,0,0.47636,1,0.45
Coppin St. 2015,Mid-Eastern,2015,122,0,Coppin St.,0.487804878,40,1,82,0,0.39261,0,0.260869565
Delaware St. 2015,Mid-Eastern,2015,66,0,Delaware St.,-0.083333333,-6,1,72,0,0.44412,0,0.638297872
Florida A&M 2015,Mid-Eastern,2015,162,0,Florida A&M,-0.301724138,-70,1,232,0,0.46567,0,0.5
N.C. A&T 2015,Mid-Eastern,2015,108,0,N.C. A&T,0.018867925,2,1,106,0,0.42735,0,0.346938776
N.C. Central 2015,Mid-Eastern,2015,115,0,N.C. Central,-0.08,-10,1,125,0,0.41326,0,0.343137255
Norfolk St. 2015,Mid-Eastern,2015,133,0,Norfolk St.,0.108333333,13,1,120,0,0.44121,0,0.458333333
Savannah St. 2015,Mid-Eastern,2015,132,0,Savannah St.,-0.2,-33,1,165,0,0.44161,0,0.415094340
UMES 2015,Mid-Eastern,2015,73,0,UMES,-0.27,-27,1,100,0,0.39702,0,0.270833333
Bradley 2015,Missouri Valley,2015,361,0,Bradley,0.293906810,82,1,279,0,0.49066,0,0.448979592
Dallas Baptist 2015,Missouri Valley,2015,875,0,Dallas Baptist,0.739562624,372,1,503,0,0.55454,1,0.655737705
Evansville 2015,Missouri Valley,2015,310,0,Evansville,0.139705882,38,1,272,0,0.52696,0,0.622641509
Illinois St. 2015,Missouri Valley,2015,453,0,Illinois St.,0.429022082,136,1,317,0,0.52518,0,0.568627451
Indiana St. 2015,Missouri Valley,2015,262,0,Indiana St.,0.180180180,40,1,222,0,0.5582,1,0.660377358
Missouri St. 2015,Missouri Valley,2015,1764,0,Missouri St.,1.747663551,1122,1,642,0,0.51545,0,0.456140351
Southern Ill. 2015,Missouri Valley,2015,374,0,Southern Ill.,-0.244444444,-121,1,495,0,0.4743,0,0.456140351
Wichita St. 2015,Missouri Valley,2015,2812,0,Wichita St.,0.032684539,89,1,2723,0,0.52715,0,0.525423729
Air Force 2015,Mountain West,2015,166,0,Air Force,0.257575758,34,1,132,0,0.46237,0,0.358490566
Fresno St. 2015,Mountain West,2015,1368,0,Fresno St.,0.062937063,81,1,1287,0,0.51377,0,0.491228070
Nevada 2015,Mountain West,2015,1094,0,Nevada,1.848958333,710,1,384,0,0.5056,0,0.534482759
New Mexico 2015,Mountain West,2015,772,0,New Mexico,0.040431267,30,1,742,0,0.53153,0,0.646551724
San Diego St. 2015,Mountain West,2015,517,0,San Diego St.,-0.117747440,-69,1,586,0,0.55146,1,0.666666667
San Jose St. 2015,Mountain West,2015,411,0,San Jose St.,0.119891008,44,1,367,0,0.47798,0,0.333333333
UNLV 2015,Mountain West,2015,933,0,UNLV,0.086146682,74,1,859,0,0.55715,1,0.590163934
Bryant 2015,Northeast,2015,278,0,Bryant,0.447916667,86,1,192,0,0.5484,1,0.724137931
Central Conn. St. 2015,Northeast,2015,145,0,Central Conn. St.,-0.076433121,-12,1,157,0,0.50272,0,0.551020408
Fairleigh Dickinson 2015,Northeast,2015,97,0,Fairleigh Dickinson,0.197530864,16,1,81,0,0.44116,0,0.319148936
LIU Brooklyn 2015,Northeast,2015,158,0,LIU Brooklyn,-0.0125,-2,1,160,0,0.47086,0,0.5
Mt. St. Mary's 2015,Northeast,2015,128,0,Mt. St. Mary's,0.347368421,33,1,95,0,0.45261,0,0.414634146
Sacred Heart 2015,Northeast,2015,77,0,Sacred Heart,-0.388888889,-49,1,126,0,0.51022,0,0.508771930
Wagner 2015,Northeast,2015,95,0,Wagner,-0.431137725,-72,1,167,0,0.47262,0,0.351851852
Austin Peay 2015,OVC,2015,313,0,Austin Peay,0.079310345,23,1,290,0,0.45594,0,0.410714286
Belmont 2015,OVC,2015,256,0,Belmont,-0.019157088,-5,1,261,0,0.47689,0,0.445454545
Eastern Ill. 2015,OVC,2015,215,0,Eastern Ill.,-0.156862745,-40,1,255,0,0.49598,0,0.390909091
Eastern Ky. 2015,OVC,2015,114,0,Eastern Ky.,-0.142857143,-19,1,133,0,0.46917,0,0.436363636
Jacksonville St. 2015,OVC,2015,349,0,Jacksonville St.,-0.457231726,-294,1,643,0,0.52314,1,0.571428571
Morehead St. 2015,OVC,2015,242,0,Morehead St.,0.034188034,8,1,234,0,0.48195,0,0.490909091
Murray St. 2015,OVC,2015,141,0,Murray St.,-0.175438596,-30,1,171,0,0.46208,0,0.44
SIUE 2015,OVC,2015,180,0,SIUE,0.475409836,58,1,122,0,0.45071,0,0.384615385
Southeast Mo. St. 2015,OVC,2015,634,0,Southeast Mo. St.,0.020933977,13,1,621,0,0.52879,0,0.642857143
Tennessee Tech 2015,OVC,2015,255,0,Tennessee Tech,-0.227272727,-75,1,330,0,0.5113,0,0.672413793
UT Martin 2015,OVC,2015,217,0,UT Martin,0.391025641,61,1,156,0,0.40502,0,0.176470588
Arizona 2015,Pac-12,2015,2665,0,Arizona,0.057120190,144,1,2521,0,0.47634,0,0.4
Arizona St. 2015,Pac-12,2015,3014,0,Arizona St.,0.059774965,170,1,2844,0,0.54951,1,0.578947368
California 2015,Pac-12,2015,835,0,California,-0.003579952,-3,1,838,0,0.53893,0,0.490566038
Oregon 2015,Pac-12,2015,1575,0,Oregon,-0.042553191,-70,1,1645,0,0.56698,1,0.6875
Oregon St. 2015,Pac-12,2015,2668,0,Oregon St.,-0.024853801,-68,1,2736,0,0.58795,1,0.762711864
Southern California 2015,Pac-12,2015,826,0,Southern California,0.292644757,187,1,639,0,0.53629,0,0.547169811
Stanford 2015,Pac-12,2015,1602,0,Stanford,-0.026731470,-44,1,1646,0,0.56338,1,0.573770492
UCLA 2015,Pac-12,2015,1171,0,UCLA,0.387440758,327,1,844,0,0.51871,0,0.455357143
Utah 2015,Pac-12,2015,1289,0,Utah,0.041195477,51,1,1238,0,0.48139,0,0.307692308
Washington 2015,Pac-12,2015,910,0,Washington,-0.119070668,-123,1,1033,0,0.56719,1,0.703389831
Washington St. 2015,Pac-12,2015,1106,0,Washington St.,0.525517241,381,1,725,0,0.50294,0,0.444444444
Army West Point 2015,Patriot,2015,141,0,Army West Point,0.014388489,2,1,139,0,0.49746,0,0.647058824
Bucknell 2015,Patriot,2015,151,0,Bucknell,0.126865672,17,1,134,0,0.51774,1,0.594339623
Holy Cross 2015,Patriot,2015,309,0,Holy Cross,0.058219178,17,1,292,0,0.46792,0,0.295454545
Lafayette 2015,Patriot,2015,154,0,Lafayette,0.555555556,55,1,99,0,0.45288,0,0.365853659
Lehigh 2015,Patriot,2015,197,0,Lehigh,0.246835443,39,1,158,0,0.45813,0,0.510204082
Navy 2015,Patriot,2015,245,0,Navy,0.108597285,24,1,221,0,0.43493,0,0.44
Alabama 2015,Southeastern,2015,2808,0,Alabama,-0.229206698,-835,1,3643,0,0.56781,1,0.606557377
Arkansas 2015,Southeastern,2015,7817,0,Arkansas,0.071702769,523,1,7294,0,0.56177,1,0.615384615
Auburn 2015,Southeastern,2015,2707,0,Auburn,-0.118528167,-364,1,3071,0,0.52873,0,0.5
Florida 2015,Southeastern,2015,3550,0,Florida,0.110763454,354,1,3196,0,0.5947,1,0.634920635
Georgia 2015,Southeastern,2015,1997,0,Georgia,-0.026803119,-55,1,2052,0,0.53786,0,0.473214286
Kentucky 2015,Southeastern,2015,1829,0,Kentucky,-0.027644870,-52,1,1881,0,0.57455,1,0.596774194
LSU 2015,Southeastern,2015,10799,0,LSU,-0.007444853,-81,1,10880,0,0.58979,1,0.738095238
Mississippi St. 2015,Southeastern,2015,6598,0,Mississippi St.,-0.109701795,-813,1,7411,0,0.56327,1,0.619047619
Missouri 2015,Southeastern,2015,874,0,Missouri,-0.081932773,-78,1,952,0,0.50058,0,0.377358491
Ole Miss 2015,Southeastern,2015,8028,0,Ole Miss,0.036272105,281,1,7747,1,0.60027,1,0.695652174
South Carolina 2015,Southeastern,2015,6946,0,South Carolina,-0.068026298,-507,1,7453,0,0.58072,1,0.709677419
Tennessee 2015,Southeastern,2015,1875,0,Tennessee,-0.024960998,-48,1,1923,0,0.54438,0,0.574074074
Texas A&M 2015,Southeastern,2015,4857,0,Texas A&M,0.129009763,555,1,4302,0,0.55983,1,0.580645161
Vanderbilt 2015,Southeastern,2015,2915,0,Vanderbilt,0.063092633,173,1,2742,1,0.60416,1,0.708333333
ETSU 2015,Southern,2015,468,0,ETSU,-0.145985401,-80,1,548,0,0.48129,0,0.473684211
Furman 2015,Southern,2015,481,0,Furman,-0.051282051,-26,1,507,0,0.48352,0,0.440677966
Mercer 2015,Southern,2015,414,0,Mercer,0.505454545,139,1,275,0,0.54912,0,0.690909091
Samford 2015,Southern,2015,450,0,Samford,-0.160447761,-86,1,536,0,0.52927,0,0.583333333
The Citadel 2015,Southern,2015,496,0,The Citadel,-0.194805195,-120,1,616,0,0.48002,0,0.413793103
UNCG 2015,Southern,2015,550,0,UNCG,0.498637602,183,1,367,0,0.4708,0,0.428571429
VMI 2015,Southern,2015,177,0,VMI,-0.063492063,-12,1,189,0,0.5091,0,0.520833333
Western Caro. 2015,Southern,2015,405,0,Western Caro.,0.030534351,12,1,393,0,0.54401,0,0.672727273
Wofford 2015,Southern,2015,222,0,Wofford,0.104477612,21,1,201,0,0.48127,0,0.533333333
A&M-Corpus Chris 2015,Southland,2015,587,0,A&M-Corpus Chris,0.115969582,61,1,526,0,0.51316,0,0.526315789
Abilene Christian 2015,Southland,2015,682,0,Abilene Christian,0.014880952,10,1,672,0,0.41252,0,0.266666667
Central Ark. 2015,Southland,2015,412,0,Central Ark.,0.373333333,112,1,300,0,0.51691,0,0.592592593
Houston Baptist 2015,Southland,2015,284,0,Houston Baptist,-0.089743590,-28,1,312,0,0.47473,0,0.450980392
Incarnate Word 2015,Southland,2015,340,0,Incarnate Word,-0.036827195,-13,1,353,0,0.43299,0,0.36
Lamar University 2015,Southland,2015,703,0,Lamar University,-0.048714479,-36,1,739,0,0.4929,0,0.553571429
McNeese 2015,Southland,2015,647,0,McNeese,0.276134122,140,1,507,0,0.50072,0,0.508771930
New Orleans 2015,Southland,2015,531,0,New Orleans,-0.011173184,-6,1,537,0,0.42599,0,0.208333333
Nicholls St. 2015,Southland,2015,652,0,Nicholls St.,0.663265306,260,1,392,0,0.50336,0,0.543859649
Northwestern St. 2015,Southland,2015,425,0,Northwestern St.,0.121372032,46,1,379,0,0.51123,0,0.551724138
Sam Houston St. 2015,Southland,2015,914,0,Sam Houston St.,0.145363409,116,1,798,0,0.55738,1,0.693548387
SFA 2015,Southland,2015,225,0,SFA,-0.358974359,-126,1,351,0,0.48915,0,0.363636364
Southeastern La. 2015,Southland,2015,1072,0,Southeastern La.,0.421750663,318,1,754,0,0.53224,1,0.603174603
Alabama A&M 2015,Southwestern,2015,72,0,Alabama A&M,-0.027027027,-2,1,74,0,0.40603,0,0.392156863
Alabama St. 2015,Southwestern,2015,166,0,Alabama St.,-0.107526882,-20,1,186,0,0.48831,0,0.649122807
Alcorn 2015,Southwestern,2015,119,0,Alcorn,0.586666667,44,1,75,0,0.40034,0,0.211538462
Ark.-Pine Bluff 2015,Southwestern,2015,170,0,Ark.-Pine Bluff,-0.170731707,-35,1,205,0,0.42496,0,0.434782609
Grambling 2015,Southwestern,2015,67,0,Grambling,-0.621468927,-110,1,177,0,0.39171,0,0.333333333
Jackson St. 2015,Southwestern,2015,170,0,Jackson St.,0.205673759,29,1,141,0,0.44192,1,0.519230769
Mississippi Val. 2015,Southwestern,2015,105,0,Mississippi Val.,0.363636364,28,1,77,0,0.38617,0,0.095238095
Prairie View 2015,Southwestern,2015,101,0,Prairie View,-0.081818182,-9,1,110,0,0.39682,0,0.325581395
Southern U. 2015,Southwestern,2015,166,0,Southern U.,0.024691358,4,1,162,0,0.37384,0,0.285714286
Texas Southern 2015,Southwestern,2015,80,0,Texas Southern,-0.440559441,-63,1,143,0,0.41803,0,0.395348837
Fort Wayne 2015,Summit League,2015,127,0,Fort Wayne,0.221153846,23,1,104,0,0.42515,0,0.320754717
North Dakota St. 2015,Summit League,2015,221,0,North Dakota St.,0.133333333,26,1,195,0,0.44468,1,0.434782609
Omaha 2015,Summit League,2015,472,0,Omaha,0.542483660,166,1,306,0,0.48404,0,0.607843137
Oral Roberts 2015,Summit League,2015,544,0,Oral Roberts,-0.085714286,-51,1,595,0,0.5218,0,0.535714286
South Dakota St. 2015,Summit League,2015,235,0,South Dakota St.,0.450617284,73,1,162,0,0.45285,0,0.462962963
Western Ill. 2015,Summit League,2015,174,0,Western Ill.,-0.253218884,-59,1,233,0,0.45687,0,0.392156863
Appalachian St. 2015,Sun Belt,2015,468,0,Appalachian St.,0.413897281,137,1,331,0,0.48731,0,0.381818182
Arkansas St. 2015,Sun Belt,2015,462,0,Arkansas St.,0.172588832,68,1,394,0,0.52845,0,0.551724138
Coastal Caro. 2015,Sun Belt,2015,1394,0,Coastal Caro.,1.147919877,745,1,649,0,0.48021,0,0.421052632
Ga. Southern 2015,Sun Belt,2015,1231,0,Ga. Southern,-0.000811688,-1,1,1232,0,0.52569,1,0.634920635
Georgia St. 2015,Sun Belt,2015,250,0,Georgia St.,0.054852321,13,1,237,0,0.4873,0,0.436363636
La.-Monroe 2015,Sun Belt,2015,1253,0,La.-Monroe,0.403135498,360,1,893,0,0.49401,0,0.389830508
Little Rock 2015,Sun Belt,2015,273,0,Little Rock,-0.071428571,-21,1,294,0,0.49401,0,0.462962963
Louisiana 2015,Sun Belt,2015,3630,0,Louisiana,-0.002747253,-10,1,3640,0,0.59481,1,0.852941176
South Ala. 2015,Sun Belt,2015,1405,0,South Ala.,0.194727891,229,1,1176,0,0.49483,0,0.4
Texas St. 2015,Sun Belt,2015,1261,0,Texas St.,-0.116946779,-167,1,1428,0,0.52233,0,0.517241379
Troy 2015,Sun Belt,2015,1202,0,Troy,0.164728682,170,1,1032,0,0.47975,0,0.438596491
UT Arlington 2015,Sun Belt,2015,563,0,UT Arlington,0.288329519,126,1,437,0,0.52078,0,0.543859649
BYU 2015,West Coast,2015,1080,0,BYU,-0.036574487,-41,1,1121,0,0.48117,0,0.415094340
Gonzaga 2015,West Coast,2015,673,0,Gonzaga,-0.114473684,-87,1,760,0,0.49955,0,0.472727273
Loyola Marymount 2015,West Coast,2015,331,0,Loyola Marymount,0.018461538,6,1,325,0,0.51052,0,0.571428571
Pacific 2015,West Coast,2015,589,0,Pacific,0.194726166,96,1,493,0,0.4979,0,0.490566038
Pepperdine 2015,West Coast,2015,376,0,Pepperdine,-0.033419023,-13,1,389,0,0.57209,1,0.704918033
Portland 2015,West Coast,2015,342,0,Portland,0.033232628,11,1,331,0,0.43119,0,0.211538462
San Diego 2015,West Coast,2015,592,0,San Diego,-0.093415008,-61,1,653,0,0.53341,0,0.622641509
San Francisco 2015,West Coast,2015,228,0,San Francisco,0.245901639,45,1,183,0,0.49414,0,0.462962963
Santa Clara 2015,West Coast,2015,305,0,Santa Clara,-0.064417178,-21,1,326,0,0.48474,0,0.464285714
St. Mary's (CA) 2015,West Coast,2015,162,0,St. Mary's (CA),-0.012195122,-2,1,164,0,0.43781,0,0.290909091
Chicago St. 2015,Western Athletic,2015,75,0,Chicago St.,-0.509803922,-78,1,153,0,0.40014,0,0.288461538
CSU Bakersfield 2015,Western Athletic,2015,568,0,CSU Bakersfield,0.221505376,103,1,465,0,0.45173,0,0.440677966
Grand Canyon 2015,Western Athletic,2015,501,0,Grand Canyon,1.044897959,256,1,245,0,0.50034,0,0.566037736
New Mexico St. 2015,Western Athletic,2015,732,0,New Mexico St.,1.893280632,479,1,253,0,0.43726,0,0.425925926
North Dakota 2015,Western Athletic,2015,196,0,North Dakota,0.53125,68,1,128,0,0.42978,0,0.256410256
Northern Colo. 2015,Western Athletic,2015,152,0,Northern Colo.,-0.095238095,-16,1,168,0,0.39482,0,0.16
Sacramento St. 2015,Western Athletic,2015,398,0,Sacramento St.,-0.038647343,-16,1,414,0,0.5057,1,0.619047619
Seattle U 2015,Western Athletic,2015,131,0,Seattle U,-0.149350649,-23,1,154,0,0.46508,0,0.480769231
Utah Valley 2015,Western Athletic,2015,884,0,Utah Valley,0.292397661,200,1,684,0,0.48941,0,0.482758621
UTRGV 2015,Western Athletic,2015,419,0,UTRGV,-0.011792453,-5,1,424,0,0.46849,0,0.444444444
Cincinnati 2016,AAC,2016,498,0,Cincinnati,-0.107526882,-60,1,558,0,0.46913,0,0.267857143
East Carolina 2016,AAC,2016,2642,0,East Carolina,0.278799613,576,1,2066,0,0.56101,1,0.645161290
Houston 2016,AAC,2016,1120,0,Houston,-0.350724638,-605,1,1725,0,0.57664,1,0.682539683
Memphis 2016,AAC,2016,652,0,Memphis,-0.178841310,-142,1,794,0,0.53209,0,0.637931034
South Fla. 2016,AAC,2016,781,0,South Fla.,0.042723632,32,1,749,0,0.56148,1,0.565573770
Tulane 2016,AAC,2016,2227,0,Tulane,0.081593006,168,1,2059,0,0.55041,1,0.583333333
UCF 2016,AAC,2016,1289,0,UCF,-0.043058649,-58,1,1347,0,0.54278,0,0.534482759
UConn 2016,AAC,2016,306,0,UConn,0.561224490,110,1,196,0,0.54875,0,0.583333333
Albany (NY) 2016,America East,2016,145,0,Albany (NY),-0.299516908,-62,1,207,0,0.44478,0,0.333333333
Binghamton 2016,America East,2016,155,0,Binghamton,-0.201030928,-39,1,194,0,0.48075,0,0.418604651
Hartford 2016,America East,2016,206,0,Hartford,-0.127118644,-30,1,236,0,0.46896,0,0.425925926
Maine 2016,America East,2016,247,0,Maine,-0.24,-78,1,325,0,0.46507,0,0.428571429
Stony Brook 2016,America East,2016,322,0,Stony Brook,1.037974684,164,1,158,0,0.54761,1,0.682692308
UMass Lowell 2016,America East,2016,207,0,UMass Lowell,0.326923077,51,1,156,0,0.46256,0,0.395348837
UMBC 2016,America East,2016,121,0,UMBC,-0.454954955,-101,1,222,0,0.49964,0,0.629629630
FGCU 2016,ASUN,2016,351,0,FGCU,0.103773585,33,1,318,0,0.50969,0,0.535087719
Jacksonville 2016,ASUN,2016,193,0,Jacksonville,-0.110599078,-24,1,217,0,0.4936,0,0.464285714
Kennesaw St. 2016,ASUN,2016,513,0,Kennesaw St.,-0.015355086,-8,1,521,0,0.51642,0,0.5
Lipscomb 2016,ASUN,2016,297,0,Lipscomb,-0.097264438,-32,1,329,0,0.53548,1,0.661016949
NJIT 2016,ASUN,2016,162,0,NJIT,-0.079545455,-14,1,176,0,0.44289,0,0.510416667
North Florida 2016,ASUN,2016,386,0,North Florida,0.191358025,62,1,324,0,0.55223,0,0.737704918
Stetson 2016,ASUN,2016,733,0,Stetson,0.131172840,85,1,648,0,0.50276,0,0.491525424
USC Upstate 2016,ASUN,2016,147,0,USC Upstate,0.300884956,34,1,113,0,0.43721,0,0.283018868
Davidson 2016,Atlantic 10,2016,295,0,Davidson,-0.193989071,-71,1,366,0,0.50495,0,0.56
Dayton 2016,Atlantic 10,2016,207,0,Dayton,0.301886792,48,1,159,0,0.4112,0,0.296296296
Fordham 2016,Atlantic 10,2016,219,0,Fordham,0.343558282,56,1,163,0,0.47118,0,0.407407407
George Mason 2016,Atlantic 10,2016,148,0,George Mason,-0.439393939,-116,1,264,0,0.45829,0,0.460784314
George Washington 2016,Atlantic 10,2016,143,0,George Washington,0.134920635,17,1,126,0,0.47563,0,0.592592593
La Salle 2016,Atlantic 10,2016,101,0,La Salle,0.402777778,29,1,72,0,0.47572,0,0.471153846
Massachusetts 2016,Atlantic 10,2016,121,0,Massachusetts,-0.423809524,-89,1,210,0,0.45269,0,0.372093023
Rhode Island 2016,Atlantic 10,2016,169,0,Rhode Island,0.049689441,8,1,161,0,0.50913,0,0.509615385
Richmond 2016,Atlantic 10,2016,182,0,Richmond,-0.241666667,-58,1,240,0,0.48245,0,0.528301887
Saint Joseph's 2016,Atlantic 10,2016,173,0,Saint Joseph's,-0.183962264,-39,1,212,0,0.46714,0,0.428571429
Saint Louis 2016,Atlantic 10,2016,180,0,Saint Louis,0.040462428,7,1,173,0,0.5204,0,0.618181818
St. Bonaventure 2016,Atlantic 10,2016,159,0,St. Bonaventure,0,0,1,159,0,0.41521,0,0.361702128
VCU 2016,Atlantic 10,2016,575,0,VCU,0.247288503,114,1,461,0,0.53664,1,0.615384615
Boston College 2016,Atlantic Coast,2016,590,0,Boston College,0.070780399,39,1,551,0,0.53081,0,0.5
Clemson 2016,Atlantic Coast,2016,4664,0,Clemson,0.175699521,697,1,3967,0,0.54223,1,0.524590164
Duke 2016,Atlantic Coast,2016,553,0,Duke,0.544692737,195,1,358,0,0.54564,0,0.584905660
Florida St. 2016,Atlantic Coast,2016,3944,0,Florida St.,-0.078073866,-334,1,4278,0,0.59882,1,0.676923077
Georgia Tech 2016,Atlantic Coast,2016,1367,0,Georgia Tech,-0.073848238,-109,1,1476,0,0.55944,0,0.581818182
Louisville 2016,Atlantic Coast,2016,2662,0,Louisville,0.127966102,302,1,2360,0,0.58511,1,0.723076923
Miami (FL) 2016,Atlantic Coast,2016,2917,0,Miami (FL),0.094559099,252,1,2665,1,0.6104,1,0.742424242
North Carolina 2016,Atlantic Coast,2016,1471,0,North Carolina,-0.145264381,-250,1,1721,0,0.56314,0,0.586206897
North Carolina St. 2016,Atlantic Coast,2016,1674,0,North Carolina St.,0.343499197,428,1,1246,0,0.57155,1,0.610169492
Notre Dame 2016,Atlantic Coast,2016,514,0,Notre Dame,-0.001941748,-1,1,515,0,0.56153,1,0.616666667
Pittsburgh 2016,Atlantic Coast,2016,358,0,Pittsburgh,0.011299435,4,1,354,0,0.49119,0,0.384615385
Virginia 2016,Atlantic Coast,2016,3675,0,Virginia,0.008230453,30,1,3645,1,0.59013,1,0.647058824
Virginia Tech 2016,Atlantic Coast,2016,668,0,Virginia Tech,-0.306334372,-295,1,963,0,0.53446,0,0.5
Wake Forest 2016,Atlantic Coast,2016,839,0,Wake Forest,0.294753086,191,1,648,0,0.52623,0,0.509433962
Baylor 2016,Big 12,2016,2335,0,Baylor,-0.003839590,-9,1,2344,0,0.5074,0,0.418181818
Kansas 2016,Big 12,2016,940,0,Kansas,-0.208754209,-248,1,1188,0,0.50391,0,0.418181818
Kansas St. 2016,Big 12,2016,2110,0,Kansas St.,-0.198023565,-521,1,2631,0,0.52137,0,0.473684211
Oklahoma 2016,Big 12,2016,1231,0,Oklahoma,0.203323558,208,1,1023,0,0.52776,0,0.557377049
Oklahoma St. 2016,Big 12,2016,1003,0,Oklahoma St.,-0.294655415,-419,1,1422,0,0.57971,1,0.655172414
TCU 2016,Big 12,2016,4284,0,TCU,0.075841286,302,1,3982,1,0.601,1,0.772727273
Texas 2016,Big 12,2016,5246,0,Texas,0.067344863,331,1,4915,0,0.52736,1,0.526315789
Texas Tech 2016,Big 12,2016,3851,0,Texas Tech,0.167323431,552,1,3299,0,0.53116,0,0.563636364
West Virginia 2016,Big 12,2016,1346,0,West Virginia,-0.106834771,-161,1,1507,0,0.51404,0,0.5
Butler 2016,Big East,2016,248,0,Butler,0.298429319,57,1,191,0,0.46292,0,0.387755102
Creighton 2016,Big East,2016,3060,0,Creighton,-0.021113244,-66,1,3126,0,0.53643,0,0.627450980
Georgetown 2016,Big East,2016,244,0,Georgetown,-0.183946488,-55,1,299,0,0.48263,0,0.471698113
Seton Hall 2016,Big East,2016,199,0,Seton Hall,0.069892473,13,1,186,0,0.48478,0,0.5
St. John's (NY) 2016,Big East,2016,205,0,St. John's (NY),-0.072398190,-16,1,221,0,0.54413,1,0.719298246
Villanova 2016,Big East,2016,207,0,Villanova,-0.084070796,-19,1,226,0,0.44973,0,0.448979592
Xavier 2016,Big East,2016,234,0,Xavier,-0.126865672,-34,1,268,0,0.45312,0,0.283018868
Campbell 2016,Big South,2016,319,0,Campbell,-0.078034682,-27,1,346,0,0.52141,0,0.561403509
Charleston So. 2016,Big South,2016,236,0,Charleston So.,0.145631068,30,1,206,0,0.47227,0,0.433962264
Gardner-Webb 2016,Big South,2016,265,0,Gardner-Webb,0.606060606,100,1,165,0,0.44969,0,0.415094340
High Point 2016,Big South,2016,470,0,High Point,0.068181818,30,1,440,0,0.53049,0,0.527272727
Liberty 2016,Big South,2016,1537,0,Liberty,0.172387490,226,1,1311,0,0.54068,0,0.589285714
Longwood 2016,Big South,2016,212,0,Longwood,-0.023041475,-5,1,217,0,0.4818,0,0.392857143
Presbyterian 2016,Big South,2016,237,0,Presbyterian,0.234375,45,1,192,0,0.50085,0,0.490909091
Radford 2016,Big South,2016,219,0,Radford,-0.441326531,-173,1,392,0,0.58234,1,0.737704918
UNC Asheville 2016,Big South,2016,315,0,UNC Asheville,0.145454545,40,1,275,0,0.4719,0,0.381818182
Winthrop 2016,Big South,2016,418,0,Winthrop,0.270516717,89,1,329,0,0.53128,0,0.677966102
Illinois 2016,Big Ten,2016,1311,0,Illinois,-0.211191336,-351,1,1662,0,0.58545,1,0.825
Indiana 2016,Big Ten,2016,1979,0,Indiana,-0.103307657,-228,1,2207,0,0.56142,1,0.593220339
Iowa 2016,Big Ten,2016,713,0,Iowa,-0.202460850,-181,1,894,0,0.5664,1,0.678571429
Maryland 2016,Big Ten,2016,440,0,Maryland,-0.298245614,-187,1,627,0,0.56247,1,0.636363636
Michigan 2016,Big Ten,2016,826,0,Michigan,0.343089431,211,1,615,0,0.54801,1,0.609375
Michigan St. 2016,Big Ten,2016,814,0,Michigan St.,0.014962594,12,1,802,0,0.5488,0,0.596491228
Minnesota 2016,Big Ten,2016,801,0,Minnesota,0.972906404,395,1,406,0,0.49609,0,0.387755102
Nebraska 2016,Big Ten,2016,5222,0,Nebraska,0.337602459,1318,1,3904,0,0.55223,0,0.596491228
Northwestern 2016,Big Ten,2016,405,0,Northwestern,0.483516484,132,1,273,0,0.49466,0,0.333333333
Ohio St. 2016,Big Ten,2016,995,0,Ohio St.,-0.050572519,-53,1,1048,0,0.55401,0,0.636363636
Penn St. 2016,Big Ten,2016,770,0,Penn St.,-0.038701623,-31,1,801,0,0.48457,0,0.375
Purdue 2016,Big Ten,2016,872,0,Purdue,0.188010899,138,1,734,0,0.48561,0,0.370370370
Rutgers 2016,Big Ten,2016,220,0,Rutgers,0.202185792,37,1,183,0,0.48088,0,0.354545455
Cal Poly 2016,Big West,2016,1171,0,Cal Poly,0.057813911,64,1,1107,0,0.51037,0,0.5
Cal St. Fullerton 2016,Big West,2016,1715,0,Cal St. Fullerton,-0.141641642,-283,1,1998,1,0.57392,1,0.609375
CSUN 2016,Big West,2016,340,0,CSUN,0.125827815,38,1,302,0,0.53936,0,0.578947368
Hawaii 2016,Big West,2016,3021,0,Hawaii,-0.075015309,-245,1,3266,0,0.46973,0,0.396226415
Long Beach St. 2016,Big West,2016,1519,0,Long Beach St.,0.116911765,159,1,1360,0,0.52814,0,0.518518519
UC Davis 2016,Big West,2016,295,0,UC Davis,-0.029605263,-9,1,304,0,0.50212,0,0.535087719
UC Irvine 2016,Big West,2016,618,0,UC Irvine,-0.183619551,-139,1,757,0,0.55233,0,0.589285714
UC Riverside 2016,Big West,2016,287,0,UC Riverside,-0.215846995,-79,1,366,0,0.4485,0,0.272727273
UC Santa Barbara 2016,Big West,2016,355,0,UC Santa Barbara,-0.212860310,-96,1,451,0,0.5704,1,0.698275862
Col. of Charleston 2016,Colonial,2016,535,0,Col. of Charleston,0.123949580,59,1,476,0,0.57978,1,0.75
Delaware 2016,Colonial,2016,231,0,Delaware,0.283333333,51,1,180,0,0.49535,0,0.530612245
Elon 2016,Colonial,2016,284,0,Elon,-0.050167224,-15,1,299,0,0.5028,0,0.462962963
Hofstra 2016,Colonial,2016,175,0,Hofstra,0,0,1,175,0,0.46256,0,0.382978723
James Madison 2016,Colonial,2016,501,0,James Madison,0.086767896,40,1,461,0,0.45722,0,0.352941176
Northeastern 2016,Colonial,2016,252,0,Northeastern,2.6,182,1,70,0,0.47466,0,0.454545455
Towson 2016,Colonial,2016,156,0,Towson,0.046979866,7,1,149,0,0.44774,0,0.333333333
UNCW 2016,Colonial,2016,1082,0,UNCW,-0.019927536,-22,1,1104,0,0.56811,1,0.694915254
William & Mary 2016,Colonial,2016,286,0,William & Mary,-0.068403909,-21,1,307,0,0.48377,0,0.423076923
Charlotte 2016,Conference USA,2016,1004,0,Charlotte,0.116796440,105,1,899,0,0.49224,0,0.395833333
FIU 2016,Conference USA,2016,309,0,FIU,-0.049230769,-16,1,325,0,0.50326,1,0.483333333
Fla. Atlantic 2016,Conference USA,2016,453,0,Fla. Atlantic,-0.010917031,-5,1,458,0,0.5775,1,0.688524590
Louisiana Tech 2016,Conference USA,2016,1013,0,Louisiana Tech,0.865561694,470,1,543,0,0.4995,0,0.480769231
Marshall 2016,Conference USA,2016,348,0,Marshall,-0.251612903,-117,1,465,0,0.47946,0,0.384615385
Middle Tenn. 2016,Conference USA,2016,879,0,Middle Tenn.,0.497444634,292,1,587,0,0.5301,0,0.542372881
Old Dominion 2016,Conference USA,2016,697,0,Old Dominion,-0.138442522,-112,1,809,0,0.51311,0,0.482142857
Rice 2016,Conference USA,2016,2769,0,Rice,-0.046159146,-134,1,2903,0,0.56041,1,0.627118644
Southern Miss. 2016,Conference USA,2016,3040,0,Southern Miss.,0.138576779,370,1,2670,0,0.54773,0,0.663636364
UAB 2016,Conference USA,2016,784,0,UAB,0.159763314,108,1,676,0,0.53584,0,0.568965517
UTSA 2016,Conference USA,2016,350,0,UTSA,-0.093264249,-36,1,386,0,0.53269,0,0.568965517
Western Ky. 2016,Conference USA,2016,364,0,Western Ky.,-0.306666667,-161,1,525,0,0.51076,0,0.461538462
Ill.-Chicago 2016,Horizon,2016,214,0,Ill.-Chicago,-0.305194805,-94,1,308,0,0.49143,0,0.567307692
Milwaukee 2016,Horizon,2016,143,0,Milwaukee,-0.158823529,-27,1,170,0,0.52007,0,0.636363636
Northern Ky. 2016,Horizon,2016,123,0,Northern Ky.,-0.127659574,-18,1,141,0,0.46438,0,0.291666667
Oakland 2016,Horizon,2016,165,0,Oakland,0.2890625,37,1,128,0,0.45379,0,0.204081633
Valparaiso 2016,Horizon,2016,243,0,Valparaiso,0.140845070,30,1,213,0,0.4599,0,0.415094340
Wright St. 2016,Horizon,2016,264,0,Wright St.,-0.187692308,-61,1,325,0,0.55633,1,0.716666667
Youngstown St. 2016,Horizon,2016,386,0,Youngstown St.,-0.278504673,-149,1,535,0,0.4496,0,0.32
NYIT 2016,Independent,2016,208,0,NYIT,5.303030303,175,1,33,0,0.42649,0,0.318181818
Brown 2016,Ivy League,2016,228,0,Brown,0.112195122,23,1,205,0,0.44186,0,0.282051282
Columbia 2016,Ivy League,2016,515,0,Columbia,0.284289277,114,1,401,0,0.55063,1,0.666666667
Cornell 2016,Ivy League,2016,198,0,Cornell,0.070270270,13,1,185,0,0.4239,0,0.333333333
Dartmouth 2016,Ivy League,2016,186,0,Dartmouth,-0.015873016,-3,1,189,0,0.50681,0,0.5
Harvard 2016,Ivy League,2016,263,0,Harvard,-0.025925926,-7,1,270,0,0.46219,0,0.428571429
Penn 2016,Ivy League,2016,265,0,Penn,0.373056995,72,1,193,0,0.48809,0,0.594594595
Princeton 2016,Ivy League,2016,143,0,Princeton,-0.466417910,-125,1,268,0,0.43448,0,0.179487179
Yale 2016,Ivy League,2016,209,0,Yale,0.055555556,11,1,198,0,0.43808,0,0.361111111
Canisius 2016,Metro Atlantic,2016,181,0,Canisius,0.471544715,58,1,123,0,0.47341,1,0.53125
Fairfield 2016,Metro Atlantic,2016,117,0,Fairfield,0.125,13,1,104,0,0.44508,0,0.346938776
Iona 2016,Metro Atlantic,2016,130,0,Iona,-0.202453988,-33,1,163,0,0.43333,0,0.377358491
Manhattan 2016,Metro Atlantic,2016,209,0,Manhattan,0.180790960,32,1,177,0,0.43039,0,0.346153846
Marist 2016,Metro Atlantic,2016,148,0,Marist,-0.186813187,-34,1,182,0,0.45076,0,0.414893617
Monmouth 2016,Metro Atlantic,2016,189,0,Monmouth,0.4765625,61,1,128,0,0.48216,0,0.478260870
Niagara 2016,Metro Atlantic,2016,113,0,Niagara,-0.423469388,-83,1,196,0,0.39713,0,0.297872340
Quinnipiac 2016,Metro Atlantic,2016,399,0,Quinnipiac,0.440433213,122,1,277,0,0.47004,0,0.517857143
Rider 2016,Metro Atlantic,2016,138,0,Rider,0.007299270,1,1,137,0,0.51481,0,0.56
Saint Peter's 2016,Metro Atlantic,2016,90,0,Saint Peter's,0.153846154,12,1,78,0,0.39966,0,0.214285714
Siena 2016,Metro Atlantic,2016,116,0,Siena,-0.086614173,-11,1,127,0,0.45807,0,0.450980392
Ball St. 2016,Mid-American,2016,296,0,Ball St.,-0.066246057,-21,1,317,0,0.498,0,0.568965517
Bowling Green 2016,Mid-American,2016,169,0,Bowling Green,-0.252212389,-57,1,226,0,0.46655,0,0.452830189
Buffalo 2016,Mid-American,2016,123,0,Buffalo,0.069565217,8,1,115,0,0.4257,0,0.313725490
Central Mich. 2016,Mid-American,2016,276,0,Central Mich.,-0.014285714,-4,1,280,0,0.5188,0,0.614035088
Eastern Mich. 2016,Mid-American,2016,234,0,Eastern Mich.,-0.004255319,-1,1,235,0,0.46831,0,0.351851852
Kent St. 2016,Mid-American,2016,252,0,Kent St.,0.392265193,71,1,181,0,0.50988,0,0.584905660
Miami (OH) 2016,Mid-American,2016,358,0,Miami (OH),-0.120393120,-49,1,407,0,0.42025,0,0.25
Northern Ill. 2016,Mid-American,2016,260,0,Northern Ill.,0.035856574,9,1,251,0,0.45454,0,0.4
Ohio 2016,Mid-American,2016,461,0,Ohio,0.017660044,8,1,453,0,0.51023,1,0.631578947
Toledo 2016,Mid-American,2016,177,0,Toledo,0.059880240,10,1,167,0,0.4929,0,0.431034483
Western Mich. 2016,Mid-American,2016,112,0,Western Mich.,-0.564202335,-145,1,257,0,0.45879,0,0.423076923
Bethune-Cookman 2016,Mid-Eastern,2016,141,0,Bethune-Cookman,0.602272727,53,1,88,0,0.43846,0,0.322033898
Coppin St. 2016,Mid-Eastern,2016,50,0,Coppin St.,-0.590163934,-72,1,122,0,0.327,0,0.093023256
Delaware St. 2016,Mid-Eastern,2016,72,0,Delaware St.,0.090909091,6,1,66,0,0.38809,0,0.355555556
Florida A&M 2016,Mid-Eastern,2016,301,0,Florida A&M,0.858024691,139,1,162,0,0.45781,1,0.479166667
N.C. A&T 2016,Mid-Eastern,2016,105,0,N.C. A&T,-0.027777778,-3,1,108,0,0.37764,0,0.217391304
N.C. Central 2016,Mid-Eastern,2016,181,0,N.C. Central,0.573913043,66,1,115,0,0.41917,0,0.382978723
Norfolk St. 2016,Mid-Eastern,2016,122,0,Norfolk St.,-0.082706767,-11,1,133,0,0.44075,0,0.627906977
Savannah St. 2016,Mid-Eastern,2016,114,0,Savannah St.,-0.136363636,-18,1,132,0,0.4131,0,0.388888889
UMES 2016,Mid-Eastern,2016,73,0,UMES,0,0,1,73,0,0.41938,0,0.326530612
Bradley 2016,Missouri Valley,2016,319,0,Bradley,-0.116343490,-42,1,361,0,0.57066,1,0.603773585
Dallas Baptist 2016,Missouri Valley,2016,727,0,Dallas Baptist,-0.169142857,-148,1,875,0,0.59836,1,0.754098361
Evansville 2016,Missouri Valley,2016,251,0,Evansville,-0.190322581,-59,1,310,0,0.51675,0,0.529411765
Illinois St. 2016,Missouri Valley,2016,421,0,Illinois St.,-0.070640177,-32,1,453,0,0.50426,0,0.480769231
Indiana St. 2016,Missouri Valley,2016,670,0,Indiana St.,1.557251908,408,1,262,0,0.52408,0,0.518518519
Missouri St. 2016,Missouri Valley,2016,888,0,Missouri St.,-0.496598639,-876,1,1764,0,0.59807,1,0.803278689
Southern Ill. 2016,Missouri Valley,2016,280,0,Southern Ill.,-0.251336898,-94,1,374,0,0.45288,0,0.206896552
Wichita St. 2016,Missouri Valley,2016,2109,0,Wichita St.,-0.25,-703,1,2812,0,0.51011,0,0.440677966
Air Force 2016,Mountain West,2016,123,0,Air Force,-0.259036145,-43,1,166,0,0.48057,0,0.431372549
Fresno St. 2016,Mountain West,2016,1138,0,Fresno St.,-0.168128655,-230,1,1368,0,0.5359,0,0.525423729
Nevada 2016,Mountain West,2016,894,0,Nevada,-0.182815356,-200,1,1094,0,0.54718,0,0.732142857
New Mexico 2016,Mountain West,2016,851,0,New Mexico,0.102331606,79,1,772,0,0.52287,0,0.542372881
San Diego St. 2016,Mountain West,2016,495,0,San Diego St.,-0.042553191,-22,1,517,0,0.53456,1,0.640625
San Jose St. 2016,Mountain West,2016,384,0,San Jose St.,-0.065693431,-27,1,411,0,0.43646,0,0.228070175
UNLV 2016,Mountain West,2016,646,0,UNLV,-0.307609861,-287,1,933,0,0.48258,0,0.446428571
Bryant 2016,Northeast,2016,383,0,Bryant,0.377697842,105,1,278,0,0.48804,0,0.537037037
Central Conn. St. 2016,Northeast,2016,224,0,Central Conn. St.,0.544827586,79,1,145,0,0.41201,0,0.354166667
Fairleigh Dickinson 2016,Northeast,2016,123,0,Fairleigh Dickinson,0.268041237,26,1,97,0,0.42766,0,0.446808511
LIU Brooklyn 2016,Northeast,2016,154,0,LIU Brooklyn,-0.025316456,-4,1,158,0,0.41554,0,0.313725490
Mt. St. Mary's 2016,Northeast,2016,107,0,Mt. St. Mary's,-0.1640625,-21,1,128,0,0.39658,0,0.279069767
Sacred Heart 2016,Northeast,2016,109,0,Sacred Heart,0.415584416,32,1,77,0,0.46267,1,0.419642857
Wagner 2016,Northeast,2016,57,0,Wagner,-0.4,-38,1,95,0,0.4686,0,0.539215686
Austin Peay 2016,OVC,2016,399,0,Austin Peay,0.274760383,86,1,313,0,0.46219,0,0.490196078
Belmont 2016,OVC,2016,243,0,Belmont,-0.05078125,-13,1,256,0,0.48823,0,0.5
Eastern Ill. 2016,OVC,2016,234,0,Eastern Ill.,0.088372093,19,1,215,0,0.43075,0,0.234042553
Eastern Ky. 2016,OVC,2016,119,0,Eastern Ky.,0.043859649,5,1,114,0,0.43671,0,0.42
Jacksonville St. 2016,OVC,2016,377,0,Jacksonville St.,0.080229226,28,1,349,0,0.48183,0,0.526315789
Morehead St. 2016,OVC,2016,307,0,Morehead St.,0.268595041,65,1,242,0,0.5112,1,0.627118644
Murray St. 2016,OVC,2016,164,0,Murray St.,0.163120567,23,1,141,0,0.41988,0,0.290909091
SIUE 2016,OVC,2016,173,0,SIUE,-0.038888889,-7,1,180,0,0.46525,0,0.4
Southeast Mo. St. 2016,OVC,2016,898,0,Southeast Mo. St.,0.416403785,264,1,634,0,0.51288,0,0.603448276
Tennessee Tech 2016,OVC,2016,180,0,Tennessee Tech,-0.294117647,-75,1,255,0,0.4716,0,0.472727273
UT Martin 2016,OVC,2016,221,0,UT Martin,0.018433180,4,1,217,0,0.42504,0,0.285714286
Arizona 2016,Pac-12,2016,3043,0,Arizona,0.141838649,378,1,2665,0,0.50625,0,0.563636364
Arizona St. 2016,Pac-12,2016,2376,0,Arizona St.,-0.211678832,-638,1,3014,0,0.55538,1,0.603448276
California 2016,Pac-12,2016,986,0,California,0.180838323,151,1,835,0,0.56473,1,0.631578947
Oregon 2016,Pac-12,2016,1668,0,Oregon,0.059047619,93,1,1575,0,0.54033,1,0.603174603
Oregon St. 2016,Pac-12,2016,2937,0,Oregon St.,0.100824588,269,1,2668,0,0.55657,1,0.681034483
Southern California 2016,Pac-12,2016,621,0,Southern California,-0.248184019,-205,1,826,0,0.56738,1,0.65
Stanford 2016,Pac-12,2016,1598,0,Stanford,-0.002496879,-4,1,1602,0,0.5141,0,0.428571429
UCLA 2016,Pac-12,2016,1172,0,UCLA,0.000853971,1,1,1171,0,0.59884,1,0.737704918
Utah 2016,Pac-12,2016,1740,0,Utah,0.349883631,451,1,1289,0,0.49325,0,0.311320755
Washington 2016,Pac-12,2016,810,0,Washington,-0.109890110,-100,1,910,0,0.5226,0,0.537037037
Washington St. 2016,Pac-12,2016,752,0,Washington St.,-0.320072333,-354,1,1106,0,0.49989,0,0.517857143
Army West Point 2016,Patriot,2016,139,0,Army West Point,-0.014184397,-2,1,141,0,0.43416,0,0.446808511
Bucknell 2016,Patriot,2016,124,0,Bucknell,-0.178807947,-27,1,151,0,0.45992,0,0.521739130
Holy Cross 2016,Patriot,2016,167,0,Holy Cross,-0.459546926,-142,1,309,0,0.48061,0,0.48
Lafayette 2016,Patriot,2016,129,0,Lafayette,-0.162337662,-25,1,154,0,0.4527,0,0.345238095
Lehigh 2016,Patriot,2016,221,0,Lehigh,0.121827411,24,1,197,0,0.45639,1,0.425925926
Navy 2016,Patriot,2016,298,0,Navy,0.216326531,53,1,245,0,0.46111,0,0.642857143
Alabama 2016,Southeastern,2016,4314,0,Alabama,0.536324786,1506,1,2808,0,0.55368,0,0.533333333
Arkansas 2016,Southeastern,2016,7815,0,Arkansas,-0.000255853,-2,1,7817,1,0.57167,1,0.615384615
Auburn 2016,Southeastern,2016,2636,0,Auburn,-0.026228297,-71,1,2707,0,0.56811,1,0.580645161
Florida 2016,Southeastern,2016,3968,0,Florida,0.117746479,418,1,3550,1,0.6144,1,0.742857143
Georgia 2016,Southeastern,2016,2310,0,Georgia,0.156735103,313,1,1997,0,0.52341,0,0.481481481
Kentucky 2016,Southeastern,2016,1944,0,Kentucky,0.062875888,115,1,1829,0,0.54502,0,0.545454545
LSU 2016,Southeastern,2016,10580,0,LSU,-0.020279656,-219,1,10799,1,0.60615,1,0.818181818
Mississippi St. 2016,Southeastern,2016,7962,0,Mississippi St.,0.206729312,1364,1,6598,0,0.50534,0,0.444444444
Missouri 2016,Southeastern,2016,930,0,Missouri,0.064073227,56,1,874,0,0.54651,0,0.508771930
Ole Miss 2016,Southeastern,2016,8580,0,Ole Miss,0.068759342,552,1,8028,0,0.55796,1,0.517241379
South Carolina 2016,Southeastern,2016,7163,0,South Carolina,0.031241002,217,1,6946,0,0.54156,0,0.561403509
Tennessee 2016,Southeastern,2016,1868,0,Tennessee,-0.003733333,-7,1,1875,0,0.53499,0,0.48
Texas A&M 2016,Southeastern,2016,5319,0,Texas A&M,0.095120445,462,1,4857,0,0.60175,1,0.78125
Vanderbilt 2016,Southeastern,2016,3038,0,Vanderbilt,0.042195540,123,1,2915,1,0.60612,1,0.708333333
ETSU 2016,Southern,2016,438,0,ETSU,-0.064102564,-30,1,468,0,0.4467,0,0.375
Furman 2016,Southern,2016,582,0,Furman,0.209979210,101,1,481,0,0.46915,0,0.431034483
Mercer 2016,Southern,2016,649,0,Mercer,0.567632850,235,1,414,0,0.51255,1,0.603448276
Samford 2016,Southern,2016,422,0,Samford,-0.062222222,-28,1,450,0,0.51487,0,0.551724138
The Citadel 2016,Southern,2016,958,0,The Citadel,0.931451613,462,1,496,0,0.49327,0,0.482758621
UNCG 2016,Southern,2016,385,0,UNCG,-0.3,-165,1,550,0,0.47938,0,0.46
VMI 2016,Southern,2016,193,0,VMI,0.090395480,16,1,177,0,0.47667,0,0.411764706
Western Caro. 2016,Southern,2016,554,0,Western Caro.,0.367901235,149,1,405,0,0.45864,0,0.411764706
Wofford 2016,Southern,2016,246,0,Wofford,0.108108108,24,1,222,0,0.4958,0,0.639344262
A&M-Corpus Chris 2016,Southland,2016,414,0,A&M-Corpus Chris,-0.294718910,-173,1,587,0,0.47096,0,0.470588235
Abilene Christian 2016,Southland,2016,528,0,Abilene Christian,-0.225806452,-154,1,682,0,0.46208,0,0.309090909
Central Ark. 2016,Southland,2016,390,0,Central Ark.,-0.053398058,-22,1,412,0,0.51471,0,0.547169811
Houston Baptist 2016,Southland,2016,306,0,Houston Baptist,0.077464789,22,1,284,0,0.50354,1,0.509090909
Incarnate Word 2016,Southland,2016,286,0,Incarnate Word,-0.158823529,-54,1,340,0,0.4556,0,0.388888889
Lamar University 2016,Southland,2016,818,0,Lamar University,0.163584637,115,1,703,0,0.44767,0,0.403846154
McNeese 2016,Southland,2016,632,0,McNeese,-0.023183926,-15,1,647,0,0.50927,0,0.561403509
New Orleans 2016,Southland,2016,396,0,New Orleans,-0.254237288,-135,1,531,0,0.43213,0,0.25
Nicholls St. 2016,Southland,2016,883,0,Nicholls St.,0.354294479,231,1,652,0,0.52992,0,0.632075472
Northwestern St. 2016,Southland,2016,483,0,Northwestern St.,0.136470588,58,1,425,0,0.52239,0,0.574074074
Sam Houston St. 2016,Southland,2016,1015,0,Sam Houston St.,0.110503282,101,1,914,0,0.49915,0,0.525423729
SFA 2016,Southland,2016,224,0,SFA,-0.004444444,-1,1,225,0,0.4527,0,0.333333333
Southeastern La. 2016,Southland,2016,1127,0,Southeastern La.,0.051305970,55,1,1072,0,0.54899,0,0.711864407
Alabama A&M 2016,Southwestern,2016,65,0,Alabama A&M,-0.097222222,-7,1,72,0,0.45715,0,0.456140351
Alabama St. 2016,Southwestern,2016,123,0,Alabama St.,-0.259036145,-43,1,166,0,0.49109,0,0.62
Alcorn 2016,Southwestern,2016,116,0,Alcorn,-0.025210084,-3,1,119,0,0.40353,0,0.254901961
Ark.-Pine Bluff 2016,Southwestern,2016,145,0,Ark.-Pine Bluff,-0.147058824,-25,1,170,0,0.47715,0,0.589743590
Grambling 2016,Southwestern,2016,72,0,Grambling,0.074626866,5,1,67,0,0.39445,0,0.208333333
Jackson St. 2016,Southwestern,2016,256,0,Jackson St.,0.505882353,86,1,170,0,0.45221,0,0.489795918
Mississippi Val. 2016,Southwestern,2016,100,0,Mississippi Val.,-0.047619048,-5,1,105,0,0.37688,0,0.166666667
Prairie View 2016,Southwestern,2016,168,0,Prairie View,0.663366337,67,1,101,0,0.35094,0,0.170731707
Southern U. 2016,Southwestern,2016,94,0,Southern U.,-0.433734940,-72,1,166,0,0.44149,0,0.463414634
Texas Southern 2016,Southwestern,2016,98,0,Texas Southern,0.225,18,1,80,0,0.48324,1,0.604651163
Fort Wayne 2016,Summit League,2016,181,0,Fort Wayne,0.425196850,54,1,127,0,0.47292,0,0.48
North Dakota St. 2016,Summit League,2016,268,0,North Dakota St.,0.212669683,47,1,221,0,0.44272,0,0.367346939
Omaha 2016,Summit League,2016,545,0,Omaha,0.154661017,73,1,472,0,0.44771,0,0.411764706
Oral Roberts 2016,Summit League,2016,807,0,Oral Roberts,0.483455882,263,1,544,0,0.55489,1,0.719298246
South Dakota St. 2016,Summit League,2016,183,0,South Dakota St.,-0.221276596,-52,1,235,0,0.48542,0,0.530612245
Western Ill. 2016,Summit League,2016,165,0,Western Ill.,-0.051724138,-9,1,174,0,0.45243,0,0.3125
Appalachian St. 2016,Sun Belt,2016,287,0,Appalachian St.,-0.386752137,-181,1,468,0,0.45601,0,0.320754717
Arkansas St. 2016,Sun Belt,2016,424,0,Arkansas St.,-0.082251082,-38,1,462,0,0.50579,0,0.473684211
Coastal Caro. 2016,Sun Belt,2016,1553,0,Coastal Caro.,0.114060258,159,1,1394,0,0.57418,1,0.65
Ga. Southern 2016,Sun Belt,2016,832,0,Ga. Southern,-0.324126726,-399,1,1231,0,0.50723,0,0.526315789
Georgia St. 2016,Sun Belt,2016,286,0,Georgia St.,0.144,36,1,250,0,0.4905,0,0.527272727
La.-Monroe 2016,Sun Belt,2016,424,0,La.-Monroe,-0.661612131,-829,1,1253,0,0.46329,0,0.462962963
Little Rock 2016,Sun Belt,2016,387,0,Little Rock,0.417582418,114,1,273,0,0.46255,0,0.326530612
Louisiana 2016,Sun Belt,2016,4060,0,Louisiana,0.118457300,430,1,3630,0,0.56212,1,0.646153846
South Ala. 2016,Sun Belt,2016,1512,0,South Ala.,0.076156584,107,1,1405,0,0.53174,0,0.649122807
Texas St. 2016,Sun Belt,2016,1294,0,Texas St.,0.026169707,33,1,1261,0,0.48989,0,0.429824561
Troy 2016,Sun Belt,2016,1003,0,Troy,-0.165557404,-199,1,1202,0,0.50892,0,0.545454545
UT Arlington 2016,Sun Belt,2016,625,0,UT Arlington,0.110124334,62,1,563,0,0.49694,0,0.428571429
BYU 2016,West Coast,2016,1607,0,BYU,0.487962963,527,1,1080,0,0.50934,0,0.528301887
Gonzaga 2016,West Coast,2016,975,0,Gonzaga,0.448736999,302,1,673,0,0.50535,0,0.461538462
Loyola Marymount 2016,West Coast,2016,371,0,Loyola Marymount,0.120845921,40,1,331,0,0.5136,0,0.609090909
Pacific 2016,West Coast,2016,562,0,Pacific,-0.045840407,-27,1,589,0,0.43725,0,0.274509804
Pepperdine 2016,West Coast,2016,491,0,Pepperdine,0.305851064,115,1,376,0,0.51519,1,0.524590164
Portland 2016,West Coast,2016,292,0,Portland,-0.146198830,-50,1,342,0,0.42949,0,0.222222222
San Diego 2016,West Coast,2016,633,0,San Diego,0.069256757,41,1,592,0,0.52869,0,0.6
San Francisco 2016,West Coast,2016,369,0,San Francisco,0.618421053,141,1,228,0,0.48885,0,0.425925926
Santa Clara 2016,West Coast,2016,392,0,Santa Clara,0.285245902,87,1,305,0,0.48584,0,0.481481481
St. Mary's (CA) 2016,West Coast,2016,128,0,St. Mary's (CA),-0.209876543,-34,1,162,0,0.48351,0,0.509090909
Chicago St. 2016,Western Athletic,2016,85,0,Chicago St.,0.133333333,10,1,75,0,0.39803,0,0.235849057
CSU Bakersfield 2016,Western Athletic,2016,628,0,CSU Bakersfield,0.105633803,60,1,568,0,0.51156,1,0.604838710
Grand Canyon 2016,Western Athletic,2016,671,0,Grand Canyon,0.339321357,170,1,501,0,0.50948,0,0.592592593
New Mexico St. 2016,Western Athletic,2016,600,0,New Mexico St.,-0.180327869,-132,1,732,0,0.4108,0,0.23
North Dakota 2016,Western Athletic,2016,259,0,North Dakota,0.321428571,63,1,196,0,0.45633,0,0.458333333
Northern Colo. 2016,Western Athletic,2016,128,0,Northern Colo.,-0.157894737,-24,1,152,0,0.40562,0,0.311111111
Sacramento St. 2016,Western Athletic,2016,318,0,Sacramento St.,-0.201005025,-80,1,398,0,0.47153,0,0.542372881
Seattle U 2016,Western Athletic,2016,149,0,Seattle U,0.137404580,18,1,131,0,0.45506,0,0.526315789
Utah Valley 2016,Western Athletic,2016,1010,0,Utah Valley,0.142533937,126,1,884,0,0.44266,0,0.351851852
UTRGV 2016,Western Athletic,2016,565,0,UTRGV,0.348448687,146,1,419,0,0.43362,0,0.397959184
